id;nachname;vorname;geburtsname;geburtsort
1;Alaska;Cotton Garden Home Loan Account;killer Ghana Lead;Cotton Gibraltar Pound
2;leading-edge;navigate 5th generation;sky blue;interactive Platinum bypass
3;Plastic Security invoice;Personal Loan Account Wyoming Shoes;deposit panel;Incredible Metal Sausages Designer Dale
4;Florida Tactics;override monetize;Mobility Savings Account;SMTP Paradigm United States of America
5;Central;Home Loan Account;Burundi;cyan green
6;primary upward-trending;Nebraska dedicated;array Via Road;Consultant Kids world-class
7;leverage matrix;bypass Frozen;Associate;Credit Card Account
8;Tasty;compress Gorgeous;synergies channels Tanzanian Shilling;Distributed hacking Avon
9;backing up;Manager;Soft;Tennessee
10;Customizable Refined Concrete Table Cote d'Ivoire;Games;maroon Tactics Towels;Unbranded Wooden Gloves
